id,titulo,categoria,autor,historia
0001,La aventura del asteroide perdido,Ciencia Ficción,Dr. Ana Morales,En una galaxia no muy lejana. la tripulación de la nave científica Aurora se embarcó en una misión sin precedentes para recuperar el asteroide perdido. una roca espacial que. según antiguos registros. contenía muestras de minerales y compuestos desconocidos para la humanidad. El capitán de la nave. el comandante Esteban Ruiz. y su equipo multidisciplinario. compuesto por físicos. biólogos y expertos en tecnología espacial. se enfrentaron a innumerables desafíos a lo largo del viaje. Durante meses. la tripulación navegó por cinturones de asteroides. evitando colisiones y resolviendo problemas técnicos mediante avanzados algoritmos de inteligencia artificial. La atmósfera a bordo era de constante expectación y adrenalina. pues cada integrante sabía que el éxito de la misión podía cambiar la comprensión de la formación del sistema solar. Al aproximarse al asteroide. se detectaron señales anómalas en su composición. lo que indicaba la presencia de compuestos orgánicos fundamentales para comprender el origen de la vida. Con precisión milimétrica. la nave se posicionó para enviar sondas robóticas que recolectaron muestras de la superficie. mientras la Tierra recibía en tiempo real datos que emocionaron a la comunidad científica mundial. Durante la misión. surgieron imprevistos como tormentas magnéticas y la aparición de micro meteoritos. poniendo a prueba la resiliencia del equipo. Gracias al trabajo coordinado y a la tecnología de punta. la tripulación superó cada obstáculo. En el clímax de la expedición. alarmas en la nave indicaron un cambio inesperado en la trayectoria del asteroide. lo que obligó a realizar maniobras de emergencia. Tras momentos críticos. se corrigió el rumbo y la misión concluyó exitosamente. dejando valiosos datos sobre la composición del asteroide. Este hito reforzó la importancia de la colaboración internacional y el avance científico en la exploración espacial. abriendo nuevas puertas al conocimiento del universo y despertando el sueño de futuras misiones que desafíen los límites del conocimiento humano.
0002,El portal del tiempo,Viajes Temporales,Ing. Carlos Ramirez,Desde tiempos inmemoriales. la humanidad ha soñado con la posibilidad de viajar en el tiempo. y en el laboratorio secreto del Instituto Cronos se inició un experimento revolucionario. El ingeniero Carlos Ramirez y su equipo. tras años de investigaciones teóricas y pruebas rigurosas. descubrieron un portal temporal oculto en el subsuelo de una antigua ciudad. Este vórtice de energía. formado por la interacción de partículas subatómicas y campos electromagnéticos. permitía conectar diferentes eras de la historia. Durante la primera fase del experimento. se estabilizó el portal para enviar pequeñas partículas al pasado. obteniendo datos precisos sin alterar el curso natural de los eventos. La emoción creció al planificar el primer viaje tripulado. un grupo selecto de científicos se dispuso a observar eventos históricos de primera mano. Al cruzar el umbral. se encontraron en un pasado remoto. donde paisajes. costumbres y tecnologías resultaban totalmente distintos a los actuales. La experiencia enriqueció el conocimiento sobre civilizaciones antiguas. evidenciando cómo desarrollaron tecnologías rudimentarias que evolucionarían en complejas sociedades modernas. Sin embargo. el viaje estuvo lleno de riesgos. fluctuaciones en la energía del portal generaron inestabilidades que amenazaron con atraparlos en un bucle temporal. Gracias a la rápida intervención del ingeniero Ramirez y a la coordinación del equipo. se logró estabilizar la estructura y asegurar el regreso al presente. Este descubrimiento abrió nuevas posibilidades para la exploración histórica y la comprensión profunda del tiempo. enseñando lecciones sobre la interconexión de épocas y la necesidad de avanzar en la ciencia de manera ética y responsable.
0003,El enigma del ADN perdido,Biotecnología,Dra. Lucía Herrera,En el corazón de un moderno laboratorio genético. la Dra. Lucía Herrera lideraba un ambicioso proyecto para desentrañar los misterios del ADN perdido. una secuencia considerada crucial para la evolución de la vida. Durante años. su equipo había recolectado muestras de diversas especies y restos fósiles. buscando rastros de un código genético olvidado que explicara la transición de formas de vida primitivas a organismos complejos. El foco de la investigación era un fragmento de ADN alterado por procesos evolutivos desconocidos. lo que despertó interrogantes sobre la influencia de factores ambientales y cósmicos en la evolución biológica. Utilizando técnicas avanzadas de secuenciación y algoritmos de inteligencia artificial. el equipo identificó patrones inusuales en la secuencia. revelando una estructura híbrida que combinaba elementos de distintos linajes evolutivos. Este hallazgo sugería la existencia de un ancestro común perdido en la historia. capaz de explicar la diversificación de las especies. La emoción en el laboratorio se intensificó al comprobar que este fragmento podía ser clave para entender fenómenos como la resistencia a enfermedades y la adaptación a cambios climáticos drásticos. No obstante. la investigación también enfrentó dilemas éticos sobre la manipulación genética. Tras intensas jornadas de experimentación. se sintetizaron cadenas de ADN similares al original. permitiendo modelar escenarios evolutivos en condiciones controladas. Los resultados preliminares indicaron que la activación de ciertos genes podría mejorar la resistencia de organismos ante extremos ambientales. Este descubrimiento revolucionó la comprensión de la evolución y abrió la discusión sobre posibles aplicaciones en medicina regenerativa y biotecnología. marcando un antes y un después en la historia de la ciencia genética.
0004,La revolución de la inteligencia artificial,Tecnología,M. Javier Ortiz,En una era dominada por la tecnología. el ingeniero Javier Ortiz se convirtió en protagonista de la revolución de la inteligencia artificial. un cambio que transformó radicalmente la interacción entre humanos y máquinas. En un centro de investigación de vanguardia. Ortiz y su equipo desarrollaron algoritmos capaces de aprender y evolucionar de forma autónoma. superando límites impensados en la computación. El proyecto. denominado Mente Digital. inició como una iniciativa para optimizar procesos industriales. pero rápidamente se extendió a la medicina. educación y exploración espacial. Utilizando redes neuronales profundas y sistemas de aprendizaje por refuerzo. los investigadores crearon modelos que interpretaban emociones. analizaban datos complejos en tiempo real y tomaban decisiones con precisión sorprendente. A medida que los algoritmos evolucionaban. surgieron desafíos éticos y técnicos que obligaron a replantear conceptos de conciencia y autonomía de las máquinas. La transformación se hizo palpable en la vida diaria. ya que la integración de la inteligencia artificial mejoró la seguridad. el transporte y la comunicación. revolucionando la interacción entre personas y sistemas automatizados. Sin embargo. este avance tecnológico también generó inquietudes sobre la pérdida de control y la sustitución de empleos tradicionales. impulsando debates en foros internacionales y organismos reguladores. Javier Ortiz. convencido de que la IA debía potenciar el talento humano. promovió un desarrollo responsable y ético. impulsando normativas que equilibraran innovación y bienestar social. Así. la revolución de la inteligencia artificial se convirtió en un hito que marcó el inicio de una nueva era. en la que la colaboración entre humanos y máquinas abría caminos para el progreso científico y social.
0005,Misterios del universo cuántico,Física,Dr. Emilio Vargas,El Dr. Emilio Vargas. físico teórico de renombre. se embarcó en una expedición intelectual para descifrar los misterios del universo cuántico. un mundo donde las leyes de la física se comportan de manera sorprendente y contraintuitiva. En el Instituto de Física Avanzada. Vargas y su equipo realizaron experimentos con partículas subatómicas para explorar fenómenos como la superposición y el entrelazamiento cuántico. Durante largas jornadas de análisis y simulaciones. observaron cómo partículas aparentemente independientes se comportaban de forma interconectada. sugiriendo que la realidad podría estar tejida por hilos invisibles. Los experimentos se realizaron en cámaras de vacío a condiciones extremas de energía. permitiendo captar interacciones que desafiaban la lógica clásica. Los resultados abrieron nuevas posibilidades en campos como la computación cuántica. la criptografía y la simulación de sistemas complejos. retando teorías establecidas y proponiendo modelos matemáticos revolucionarios. Vargas describió la experiencia como un viaje al corazón del caos y el orden simultáneamente. en el que cada experimento revelaba aspectos inéditos del tejido del universo. La investigación. aunque polémica. generó debates intensos sobre la naturaleza de la realidad y la posible existencia de universos paralelos. Con cada hallazgo. el equipo desarrolló técnicas experimentales que prometían transformar la física. dejando un legado que impulsaría futuras investigaciones en el campo cuántico y abriría nuevos horizontes en la comprensión del cosmos.
0006,El viaje al centro de la Tierra,Aventura Científica,Prof. Silvia Delgado,La Profesora Silvia Delgado lideró una expedición sin precedentes cuyo objetivo era adentrarse en los misterios ocultos en el centro de la Tierra. con un equipo de geólogos. ingenieros y especialistas en tecnología de perforación. se diseñó el proyecto Inframundo que combinó métodos tradicionales y tecnología de punta para explorar las profundidades desconocidas del planeta. La misión inició con la perforación de un pozo de acceso en una zona geológicamente estable. permitiendo la instalación de sensores y cámaras capaces de soportar temperaturas extremas y presiones inimaginables. A medida que el equipo descendía por capas de rocas y minerales. descubrieron formaciones geológicas únicas. fósiles ancestrales y estructuras cristalinas que revelaban procesos térmicos y químicos acumulados durante millones de años. El viaje estuvo plagado de desafíos. como detectar corrientes subterráneas de magma y adaptar la tecnología a condiciones adversas. Cada avance proporcionaba datos valiosos sobre la composición interna de la Tierra. permitiendo reconstruir su historia geológica y comprender fenómenos como terremotos y actividad volcánica. Durante el descenso. se documentó meticulosamente cada fase del trayecto. registrando imágenes y muestras que prometían revolucionar el conocimiento geocientífico. La coordinación entre expertos permitió sortear imprevistos. desde fallos en sistemas de comunicación hasta fluctuaciones en la presión ambiental. El éxito de Inframundo evidenció el poder de la investigación interdisciplinaria y la importancia de innovar en técnicas de exploración. marcando un hito en la búsqueda de respuestas sobre la estructura y evolución de nuestro planeta.
0007,La colonización de Marte,Exploración Espacial,Dr. Ricardo Gómez,El Dr. Ricardo Gómez encabezó una expedición pionera con el objetivo de establecer la primera colonia humana en Marte. fusionando la exploración espacial con avances en ingeniería y biología. Durante años se planificó meticulosamente cada fase del viaje. desde la construcción de naves interplanetarias hasta el diseño de hábitats autosuficientes capaces de soportar las extremas condiciones del planeta rojo. La misión Horizonte Marciano reunió a científicos. ingenieros y expertos en sostenibilidad. quienes desarrollaron sistemas para generar energía. reciclar agua y producir alimentos adaptados al entorno marciano. Al aterrizar en Marte. la tripulación estableció un campamento base en una llanura protegida por formaciones rocosas. facilitando la instalación de módulos habitacionales y laboratorios de investigación. Durante los primeros meses. los colonos estudiaron el suelo marciano en busca de agua subterránea y recursos minerales. esenciales para construir infraestructuras y lograr la autosuficiencia de la colonia. La integración de tecnología avanzada. como robots exploradores y sistemas de inteligencia artificial. optimizó la recolección de muestras y el análisis de datos. acelerando la adaptación al nuevo entorno. La vida en Marte presentó desafíos críticos. la escasez de oxígeno. la intensa radiación solar y el aislamiento espacial pusieron a prueba la resistencia física y emocional de los colonos. Sin embargo. cada obstáculo permitió importantes descubrimientos que mejoraron las condiciones de vida y aportaron información valiosa sobre la historia geológica y climática del planeta. La iniciativa. liderada por el Dr. Gómez. se convirtió en un símbolo del espíritu humano para explorar y conquistar nuevos horizontes. marcando un antes y un después en la relación de la humanidad con el cosmos.
0008,El misterio de la partícula fantasma,Física de Partículas,Dr. Teresa Fuentes,En el Laboratorio de Física Avanzada. la Dra. Teresa Fuentes dirigía un ambicioso proyecto denominado Espectro Oculto. orientado a la detección de una partícula fantasma que desafiaba los modelos tradicionales de la física. Durante décadas. se teorizó que existía una partícula que. a pesar de su naturaleza esquiva. influenciaba sutilmente el comportamiento de otras mediante interacciones imperceptibles. Para comprobar esta hipótesis. el equipo utilizó aceleradores de partículas de alta energía y detectores ultrasensibles. configurados para capturar incluso las señales más mínimas. Tras numerosos experimentos y ajustes en los parámetros. se registraron anomalías en las colisiones subatómicas que no podían ser explicadas por la física convencional. Este hallazgo despertó gran interés en la comunidad científica. pues sugería la existencia de un fenómeno inexplorado. La búsqueda de la partícula fantasma implicó desafíos técnicos extraordinarios. exigiendo separar señales de ruido en un ambiente dominado por la incertidumbre. Con cada experimento. el laboratorio se impregnaba de una atmósfera de colaboración intensa. en la que cada dato era analizado minuciosamente para descartar errores. Los resultados obtenidos no solo evidenciaron patrones atípicos. sino que también impulsaron el desarrollo de nuevas tecnologías de detección y procesamiento de datos. Durante largos meses. el equipo documentó comportamientos subatómicos que cuestionaban las leyes establecidas. abriendo la puerta a teorías innovadoras que integrarían a la partícula fantasma en un marco más amplio de interacciones fundamentales. marcando un avance crucial en la física de partículas.
0009,La conspiración de las estrellas,Astronomía,Ing. Manuel Pérez,El ingeniero Manuel Pérez se sumergió en una investigación que. aunque parecía propia de la ciencia ficción. contaba con fundamentos científicos sólidos: la conspiración de las estrellas. Durante años. mediante la observación astronómica y el análisis de datos de telescopios espaciales. Pérez y su equipo identificaron patrones inusuales en la distribución de estrellas y galaxias. lo que sugería la presencia de una fuerza oculta coordinando la formación del universo. Los patrones geométricos y la sincronización de eventos astronómicos llevaron a la hipótesis de que el cosmos podía estar organizado por procesos de inteligencia natural o mecanismos desconocidos. El estudio abarcó el análisis de cúmulos estelares. nebulosas y la radiación cósmica de fondo. permitiendo detectar anomalías que desafiaban los modelos convencionales. Durante largas noches de trabajo. se desarrollaron algoritmos sofisticados para identificar estructuras interconectadas entre cuerpos celestes. revelando una red compleja que sugería coordinación a escala universal. Aunque algunos científicos atribuían estos hallazgos a fenómenos naturales aún por comprender. la rigurosidad metodológica del equipo impulsó nuevos debates y líneas de investigación. La teoría. enmarcada en un contexto de intensa colaboración internacional. invitó a replantear conceptos fundamentales sobre el origen y la evolución del universo. Esta conspiración de las estrellas. controvertida y enigmática. no solo cuestionó los paradigmas establecidos. sino que también inspiró a futuras generaciones a explorar los secretos del cosmos con renovado fervor y rigor científico.
0010,El experimento del horizonte,Cosmología,Dr. Sofia Mendoza,El Dr. Sofia Mendoza lideró un ambicioso experimento denominado El horizonte. cuyo objetivo era explorar los límites del universo observable y comprender la expansión y geometría del cosmos. Durante años. un equipo interdisciplinario reunió datos provenientes de telescopios de última generación. sondas espaciales y observatorios terrestres para analizar la luz y la radiación que recorre el espacio desde el Big Bang. El proyecto se centró en estudiar la radiación cósmica de fondo. utilizando complejos modelos matemáticos y simulaciones por computadora para interpretar una inmensa cantidad de información. A través de esta investigación. se identificaron anomalías en la distribución de la radiación que sugerían la existencia de fronteras en el espacio-tiempo. cuestionando las teorías cosmológicas tradicionales. El equipo de Mendoza trabajó intensamente en la calibración de instrumentos y en la eliminación de interferencias ambientales. superando retos técnicos que parecían insuperables. Cada nuevo hallazgo abría posibilidades para redefinir la comprensión de cómo se formó el universo y cuál podría ser su destino. Los resultados del experimento no solo aportaron datos cruciales sobre la materia oscura y la energía oscura. sino que también plantearon preguntas filosóficas sobre la existencia de otros universos o dimensiones paralelas. Este esfuerzo científico. que combinó la precisión de la tecnología moderna con la curiosidad innata del ser humano. marcó un antes y un después en la cosmología. abriendo caminos hacia un futuro lleno de posibilidades en la exploración del universo.
0011,El enigma de los océanos subterráneos,Geología y Biología,Dr. Luis Hernández,El Dr. Luis Hernández. geólogo de renombre. se embarcó en una expedición sin precedentes para explorar los misterios ocultos bajo la superficie terrestre. Durante años. se habían observado anomalías en la actividad sísmica y patrones inusuales en las formaciones rocosas de una región remota. lo que sugería la existencia de vastos océanos subterráneos que podían albergar formas de vida desconocidas. Con un equipo multidisciplinario compuesto por geólogos. biólogos. ingenieros y expertos en tecnología de perforación. se inició la misión 'Abyssus'. destinada a descender a profundidades inexploradas. La expedición contó con sofisticados instrumentos de medición. cámaras de alta definición y drones subterráneos equipados con sensores capaces de detectar cambios en la composición química y térmica del entorno. A medida que el equipo avanzaba. los datos revelaron la presencia de corrientes líquidas. altos niveles de presión y temperaturas que desafiaban los límites de la existencia conocida. La incertidumbre crecía con cada metro descendido. mientras la comunidad científica esperaba con ansias los hallazgos que podrían revolucionar la comprensión de la geología planetaria. Durante el descenso. se descubrió una red de cavernas interconectadas en las que el agua se comportaba de manera anómala. y se registraron señales de actividad biológica en áreas que. hasta ese momento. se consideraban estériles. La presencia de microorganismos adaptados a condiciones extremas planteó interrogantes sobre la posibilidad de vida en otros cuerpos celestes. como lunas heladas de Júpiter y Saturno. La misión 'Abyssus' se convirtió en un hito que no solo amplió los horizontes del conocimiento terrestre. sino que también inspiró futuras investigaciones en la búsqueda de ambientes habitables más allá de la superficie. El Dr. Hernández y su equipo documentaron cada fase de la expedición con rigor científico. creando una base de datos que serviría para desarrollar nuevos modelos geológicos y biológicos. y abriendo la puerta a la posibilidad de descubrir ecosistemas enteros ocultos en el interior del planeta. Este descubrimiento marcó un antes y un después en la exploración subterránea y la astrobiología. consolidando la importancia de la colaboración internacional y la innovación tecnológica en la resolución de los enigmas más profundos de la Tierra.
0012,La inteligencia de las abejas,Biología,Dra. Marta Ruiz,La Dra. Marta Ruiz. experta en biología y comportamiento animal. lideró un estudio revolucionario sobre la inteligencia de las abejas. criaturas diminutas que. sin embargo. muestran una complejidad asombrosa en sus interacciones y organización social. Durante varios años. la investigación se centró en observar y registrar comportamientos específicos de colonias en diversos entornos. desde praderas rurales hasta áreas urbanas. El proyecto 'Mente Abeja' utilizó técnicas avanzadas de seguimiento por video y análisis de datos mediante inteligencia artificial para interpretar patrones de comunicación y toma de decisiones. Las abejas. a través de danzas complejas y movimientos precisos. transmitían información sobre la ubicación de fuentes de néctar y posibles amenazas. lo que demostraba un nivel de coordinación que rivalizaba con sistemas de comunicación más sofisticados. Los resultados del estudio desafiaron nociones preconcebidas sobre la simplicidad de estos insectos. revelando que sus cerebros. aunque pequeños. eran capaces de procesar información y aprender de experiencias previas. Se identificaron señales de memoria colectiva. donde la experiencia de una generación se transmitía a la siguiente. permitiendo a la colonia adaptarse rápidamente a cambios ambientales y optimizar sus rutas de búsqueda de alimentos. Además. se descubrió que las abejas podían resolver problemas complejos. como la elección de la mejor ruta en un laberinto de flores. evidenciando una forma de inteligencia distribuida que superaba las expectativas científicas. Este estudio no solo enriqueció el conocimiento sobre el comportamiento animal. sino que también abrió nuevas perspectivas en la investigación de sistemas autónomos y redes de comunicación natural. La Dra. Ruiz y su equipo colaboraron estrechamente con expertos en neurociencia y ecología. generando un enfoque multidisciplinario que prometía avances en áreas tan diversas como la inteligencia artificial y la sostenibilidad ambiental. El proyecto 'Mente Abeja' se consolidó como un paradigma en la investigación de la cognición en insectos. destacando la importancia de la preservación de estos polinizadores esenciales para el equilibrio de los ecosistemas y la producción agrícola. y demostrando que incluso las criaturas más pequeñas pueden albergar grandes misterios de la naturaleza.
0013,El despertar del volcán,Geología,Prof. Ricardo Fernández,El Profesor Ricardo Fernández. especialista en geología volcánica. encabezó una expedición para estudiar el comportamiento de un volcán que mostraba señales inusuales de actividad. Ubicado en una región remota y poco explorada. el volcán 'Furia de Fuego' había permanecido en reposo durante décadas. hasta que recientes estudios indicaron un incremento en la actividad sísmica y emisiones de gases. organizó la expedición con el objetivo de monitorear de cerca la evolución del fenómeno. Durante semanas. el equipo instaló sensores en la ladera del volcán y desplegó drones equipados con cámaras térmicas y espectrómetros. que permitieron captar datos en tiempo real. Las primeras mediciones revelaron que el magma subyacente se movía de forma errática. presagiando un posible despertar volcánico. La presión acumulada en las cámaras magmáticas generaba un ambiente de tensión. mientras el equipo se preparaba para registrar cada detalle del comportamiento volcánico. En medio de la expedición. se produjeron eventos sísmicos de baja magnitud que confirmaron las hipótesis científicas. motivando la instalación de un sistema de alerta temprana en la región. Los datos recolectados fueron analizados meticulosamente. y se desarrollaron modelos predictivos que. por primera vez. permitieron anticipar la magnitud y el momento exacto de una erupción. La experiencia fue un hito en la historia de la vulcanología. ya que combinó tecnología de punta con técnicas tradicionales de observación. Además. el Profesor Fernández aprovechó la oportunidad para involucrar a la comunidad local. educando sobre la importancia de la prevención y la gestión de riesgos en áreas de actividad volcánica. La erupción eventual. aunque moderada. ofreció una ventana única para estudiar la dinámica del magma y la interacción entre la corteza terrestre y la atmósfera. Este esfuerzo científico consolidó el compromiso de la comunidad internacional con la investigación volcánica. demostrando que la colaboración interdisciplinaria es fundamental para enfrentar los desafíos naturales y proteger a las poblaciones vulnerables de desastres geológicos.
0014,Misterios del cerebro cuántico,Neurociencia,Dr. Andrés López,El Dr. Andrés López. neurocientífico y experto en tecnologías emergentes. se embarcó en un proyecto innovador titulado 'Mente Cuántica' que exploraba la posibilidad de que el cerebro humano pudiera operar a través de procesos cuánticos. La hipótesis. controversial pero fascinante. sugería que ciertos procesos cerebrales. como la memoria y la percepción. podrían estar influenciados por fenómenos a nivel subatómico. Con un equipo de físicos. neurocientíficos y matemáticos. el Dr. López diseñó una serie de experimentos para detectar patrones de coherencia cuántica en neuronas y sinapsis. Utilizando tecnología de resonancia magnética avanzada y sensores de partículas. se monitorearon señales eléctricas en tiempo real. buscando correlaciones con modelos teóricos de mecánica cuántica. Durante el estudio. se observó que en situaciones de alta concentración y creatividad. las señales neuronales parecían exhibir comportamientos que desafiaban las explicaciones clásicas. lo que abrió la puerta a la posibilidad de que el cerebro pudiera. en ciertos momentos. aprovechar principios cuánticos para procesar información de manera más eficiente. Los experimentos. realizados en laboratorios de vanguardia. implicaron la simulación de entornos controlados y la aplicación de algoritmos de análisis de datos que permitían distinguir entre ruido y señales significativas. El equipo documentó casos en los que la percepción sensorial y la toma de decisiones coincidían con patrones matemáticos asociados a la superposición y el entrelazamiento cuántico. Aunque los resultados fueron preliminares. el Dr. López argumentó que estos hallazgos podrían revolucionar la comprensión de la mente humana y abrir nuevas vías en el tratamiento de trastornos neurológicos y en el desarrollo de interfaces cerebro-computadora. La investigación también planteó dilemas éticos y filosóficos sobre la naturaleza de la conciencia y la frontera entre la ciencia y la metafísica. El proyecto 'Mente Cuántica' se convirtió en un punto de encuentro para diversas disciplinas. incentivando el debate y la colaboración internacional. y marcando un hito en el estudio del cerebro y sus enigmáticas capacidades.
0015,La búsqueda del exoplaneta habitable,Astronomía,Dr. Elena García,La Dra. Elena García. astrónoma reconocida por sus investigaciones en astrofísica. lideró la misión 'Horizon Exoplanet' con el objetivo de identificar un exoplaneta con condiciones adecuadas para albergar vida. La búsqueda se basó en la utilización de telescopios espaciales de última generación y observatorios terrestres equipados con tecnología de espectroscopía avanzada. Durante años. se recopilaron datos de cientos de estrellas. analizando variaciones en la luz que pudieran indicar la presencia de planetas en zonas habitables. La hipótesis central era que. en sistemas planetarios distantes. existían mundos con atmósferas que contenían agua. oxígeno y otros elementos esenciales para la vida tal como la conocemos. Con la ayuda de modelos matemáticos y simulaciones por computadora. el equipo de la Dra. García logró identificar patrones en la distribución de la luz y en la variación espectral de algunas estrellas. lo que sugirió la presencia de planetas con características sorprendentes. Uno de estos planetas. ubicado en la constelación de Lyra. despertó especial interés debido a sus condiciones atmosféricas y a la posibilidad de tener océanos en su superficie. La misión 'Horizon Exoplanet' se convirtió en un esfuerzo colaborativo internacional. reuniendo a científicos de diversas disciplinas para analizar datos y confirmar la existencia del exoplaneta. A lo largo de la investigación. se realizaron campañas de observación que involucraron a centros de investigación en múltiples países. compartiendo hallazgos y desarrollando nuevas tecnologías para mejorar la precisión de las mediciones. Los descubrimientos realizados no solo ampliaron el conocimiento sobre la formación y evolución de sistemas planetarios. sino que también encendieron la esperanza de encontrar señales de vida más allá del sistema solar. La misión abrió un nuevo capítulo en la astronomía. demostrando que la exploración espacial es fundamental para comprender nuestro lugar en el universo. y que. con perseverancia y cooperación global. es posible acercarse a responder una de las preguntas más profundas de la humanidad: ¿estamos solos?
0016,La revolución de la energía limpia,Ingeniería,Ing. Fernando Morales,El Ing. Fernando Morales se destacó por liderar proyectos que transformaron la manera en que se genera y consume energía. Su más reciente iniciativa. denominada 'Energía Viva'. se centró en la implementación de tecnologías limpias y renovables para reducir la dependencia de combustibles fósiles. En colaboración con expertos en ingeniería. química y medio ambiente. el Ing. Morales diseñó un sistema innovador basado en la fusión de energías solares. eólicas y de biomasa. La integración de estos recursos permitió crear una red de energía sostenible y resiliente. capaz de adaptarse a variaciones climáticas y de demanda. Durante la fase de desarrollo. se realizaron múltiples pruebas y simulaciones que demostraron la eficiencia del sistema. el cual incorporaba paneles solares de alta eficiencia. turbinas eólicas de última generación y procesos avanzados de digestión anaeróbica para la producción de biogás. La implementación del proyecto en una ciudad mediana sirvió como modelo de transformación energética. generando un impacto positivo en la calidad de vida de sus habitantes y reduciendo significativamente la huella de carbono. Además. el sistema se diseñó con un enfoque modular. permitiendo su replicabilidad en diversas regiones con condiciones ambientales distintas. El Ing. Morales también promovió la colaboración entre instituciones académicas. empresas y gobiernos locales. fomentando la investigación y el desarrollo de nuevas tecnologías en el campo de la energía renovable. Los resultados del proyecto 'Energía Viva' fueron presentados en conferencias internacionales. donde se destacó la importancia de la innovación y la inversión en infraestructura verde para enfrentar el cambio climático. La iniciativa no solo mejoró la eficiencia energética de la ciudad. sino que también impulsó la creación de empleos y el desarrollo económico sostenible. La revolución de la energía limpia encabezada por Fernando Morales se convirtió en un ejemplo inspirador. demostrando que es posible combinar tecnología. ecología y desarrollo social para construir un futuro próspero y respetuoso con el medio ambiente.
0017,Los secretos de la materia oscura,Cosmología,Dr. Carla Jiménez,La Dr. Carla Jiménez. una de las figuras más prominentes en el estudio del universo. se dedicó a desentrañar los misterios que rodean la materia oscura. un componente invisible que compone gran parte del cosmos. El proyecto 'Sombra Cósmica' se concibió como una iniciativa interdisciplinaria que combinó técnicas de observación astronómica. experimentos en laboratorios de física de partículas y simulaciones por computadora para intentar detectar la presencia de esta materia enigmática. Durante la investigación. el equipo liderado por la Dr. Jiménez instaló detectores ultrasensibles en lugares remotos. alejados de la interferencia de radiaciones terrestres. y colaboró con observatorios internacionales para analizar la interacción gravitacional de la materia oscura con la materia visible. Los datos recolectados arrojaron indicios de anomalías en la distribución de galaxias y cúmulos estelares. lo que confirmaba la existencia de una influencia no detectable por medios convencionales. El equipo desarrolló modelos matemáticos que permitían simular el comportamiento de la materia oscura en diversas condiciones. integrando conceptos de física cuántica y relatividad general. Estos modelos sugerían que la materia oscura podía formar estructuras complejas y participar activamente en la evolución de las galaxias. La investigación no estuvo exenta de controversias. ya que las mediciones requerían una precisión extraordinaria y la interpretación de los datos invitaba a debates en la comunidad científica. A pesar de los desafíos. el proyecto 'Sombra Cósmica' impulsó el desarrollo de nuevas tecnologías y metodologías que ampliaron el horizonte del conocimiento en cosmología. La dedicación y el rigor científico de la Dr. Jiménez consolidaron su reputación y abrieron caminos para futuras investigaciones que podrían revelar el verdadero origen y la naturaleza de este misterio universal. confirmando que. aunque la materia oscura permanezca oculta. su influencia se extiende a lo largo y ancho del universo. marcando el pulso de la creación y la evolución cósmica.
0018,El código de la vida,Biotecnología,Dra. Isabel Romero,La Dra. Isabel Romero. pionera en el campo de la biotecnología. dedicó su carrera a desentrañar el complejo entramado del código genético. buscando entender los mecanismos que definen la vida. Con el proyecto 'Genoma Vivo'. la Dra. Romero reunió a un equipo multidisciplinario formado por genetistas. bioinformáticos y biólogos moleculares. cuyo objetivo era mapear secuencias genéticas en especies diversas y establecer correlaciones entre variaciones genéticas y adaptaciones ambientales. Durante el estudio. se realizaron avanzadas técnicas de secuenciación de ADN que permitieron identificar patrones inéditos en el genoma de organismos resistentes a condiciones extremas. Los resultados mostraron que ciertos genes. hasta entonces desconocidos. jugaban un papel crucial en la reparación celular y la adaptación metabólica. abriendo nuevas perspectivas en la investigación de enfermedades genéticas y en el desarrollo de terapias personalizadas. El proyecto también implicó la creación de algoritmos capaces de analizar grandes volúmenes de datos genómicos. permitiendo descubrir asociaciones que desafiaban la comprensión convencional de la herencia y la evolución. Además. la Dra. Romero impulsó la colaboración internacional. compartiendo hallazgos con centros de investigación en diferentes continentes y promoviendo el intercambio de conocimientos. La investigación no solo contribuyó a ampliar la base de datos genéticos. sino que también inspiró nuevas metodologías en biología sintética. donde la manipulación y edición genética abren la puerta a soluciones innovadoras en agricultura. medicina y bioremediación. El impacto de 'Genoma Vivo' se extendió a la esfera ética y social. planteando preguntas fundamentales sobre la modificación genética y sus implicaciones en la diversidad biológica y la evolución humana. Gracias a la visión y el esfuerzo conjunto del equipo. la Dra. Isabel Romero logró dar un paso decisivo en la comprensión del código de la vida. marcando un hito en la historia de la biotecnología y sentando las bases para futuras innovaciones que transformen nuestra manera de interactuar con la naturaleza.
0019,La fusión nuclear: futuro de la energía,Física,Dr. Pablo Castro,El Dr. Pablo Castro. físico especializado en investigaciones energéticas. lideró el proyecto 'Fusión Viva'. una iniciativa que prometía revolucionar la generación de energía a través de la fusión nuclear. La fusión nuclear. proceso que imita el funcionamiento de las estrellas. se ha considerado durante décadas como la solución definitiva para obtener energía limpia. ilimitada y sin emisiones contaminantes. Con la visión de un futuro sustentable. el Dr. Castro y su equipo se embarcaron en una ambiciosa serie de experimentos en instalaciones de alta tecnología. donde se recrearon condiciones extremas de temperatura y presión necesarias para fusionar núcleos atómicos. Utilizando reactores de confinamiento magnético y técnicas avanzadas de láser. el equipo logró mantener plasmas a temperaturas superiores a millones de grados. condiciones indispensables para que se produjera la fusión. A lo largo de varios años. se perfeccionaron los métodos de control y estabilización del plasma. minimizando las pérdidas de energía y aumentando la eficiencia del proceso. Los resultados preliminares demostraron que. aunque los desafíos técnicos eran enormes. la fusión nuclear podía. en principio. generar una cantidad de energía significativamente mayor que cualquier otra fuente conocida. El proyecto 'Fusión Viva' se convirtió en un punto de inflexión en la investigación energética. impulsando colaboraciones internacionales y el desarrollo de nuevos materiales capaces de resistir condiciones extremas. La investigación no solo aportó datos cruciales sobre la física de plasmas. sino que también abrió un debate sobre la viabilidad económica y la seguridad de la fusión como alternativa a los combustibles fósiles. El Dr. Castro presentó sus hallazgos en congresos y publicaciones científicas. evidenciando que la inversión en investigación y tecnología es fundamental para alcanzar un futuro energético sostenible. Su trabajo inspiró a nuevas generaciones de científicos y a gobiernos a apostar por la innovación. reafirmando la fusión nuclear como uno de los caminos más prometedores para enfrentar los retos energéticos y medioambientales del siglo XXI.
0020,Explorando el microcosmos,Microbiología,Dr. Sergio Navarro,El Dr. Sergio Navarro. reconocido microbiólogo. se embarcó en la misión 'MicroMundo' para explorar la vida en su forma más diminuta y desconocida. La investigación se centró en el estudio de comunidades microbianas en ambientes extremos. desde aguas termales y profundidades oceánicas hasta suelos ácidos y desiertos. El objetivo principal era comprender cómo los microorganismos se adaptan a condiciones adversas y qué mecanismos evolutivos les permiten sobrevivir en entornos donde la mayoría de las formas de vida serían incapaces de subsistir. Con la utilización de microscopios de alta resolución. técnicas de secuenciación genética y cultivos en condiciones controladas. el equipo del Dr. Navarro descubrió una diversidad sorprendente de bacterias. arqueas y virus que formaban ecosistemas complejos y resilientes. Los estudios revelaron que. a pesar de su tamaño microscópico. estos organismos desempeñan roles fundamentales en el ciclo de nutrientes y en la regulación del clima. influyendo directamente en la salud del planeta. Además. se observaron interacciones simbióticas entre especies que. al colaborar estrechamente. lograban superar las adversidades del ambiente. La investigación permitió identificar nuevas especies y caracterizar enzimas únicas con potenciales aplicaciones biotecnológicas. como la degradación de contaminantes y la producción de compuestos farmacéuticos. La iniciativa 'MicroMundo' no solo amplió el conocimiento sobre la biodiversidad microbiana. sino que también puso de manifiesto la importancia de estos organismos en la evolución de la vida y en la sostenibilidad de los ecosistemas. El Dr. Navarro colaboró con instituciones internacionales. compartiendo sus hallazgos en congresos y publicaciones científicas. y fomentando el desarrollo de técnicas innovadoras para estudiar el microcosmos. Este proyecto reafirmó que. en el mundo de lo invisible. se esconden claves vitales para comprender la complejidad de la vida y para desarrollar nuevas soluciones en campos como la medicina. la agricultura y la protección del medio ambiente.
0021,La simbiosis entre robots y humanos,Tecnología,Ing. Gabriela Soto,La Ing. Gabriela Soto se destacó por su enfoque visionario en la integración de la tecnología en la vida cotidiana. liderando el proyecto 'Huellas del Futuro'. una iniciativa que buscaba crear una simbiosis efectiva entre robots y humanos. Con el avance acelerado en el campo de la inteligencia artificial y la robótica. Soto y su equipo desarrollaron sistemas colaborativos en los que máquinas inteligentes y personas trabajaban en conjunto. optimizando tareas en ámbitos tan variados como la salud. la educación y la industria. El proyecto se basó en la creación de interfaces neuronales que permitieran a los robots interpretar las intenciones humanas a través de señales eléctricas y patrones de comportamiento. generando una comunicación fluida y casi instintiva. Durante las fases iniciales. se realizaron pruebas en entornos controlados donde se simulaban situaciones de emergencia y de trabajo cooperativo. demostrando que la combinación de la precisión robótica y la intuición humana podía superar las limitaciones individuales. Además. se implementaron sistemas de aprendizaje profundo que permitían a los robots adaptarse a cambios en tiempo real. mejorando la interacción y generando un entorno de trabajo seguro y eficiente. La iniciativa no solo representó un avance tecnológico. sino que también planteó importantes cuestiones éticas y filosóficas acerca de la identidad y la autonomía. generando un debate sobre el futuro de la humanidad en una era dominada por la inteligencia artificial. Soto promovió la creación de marcos regulatorios y la colaboración entre científicos. legisladores y la sociedad civil para asegurar que la integración tecnológica beneficiara a todos sin comprometer la esencia humana. 'Huellas del Futuro' se consolidó como un proyecto pionero. abriendo nuevos horizontes en el desarrollo de tecnologías inclusivas y demostrando que la sinergia entre humanos y robots puede forjar un futuro donde la innovación y el bienestar social coexistan en perfecta armonía. impulsando una revolución en la forma de interactuar con el entorno digital y físico.
0022,La travesía a través del agujero negro,Astrofísica,Dr. Marco Díaz,El Dr. Marco Díaz. astrofísico de renombre. se embarcó en una expedición teórica y experimental que aspiraba a descifrar los enigmas de los agujeros negros. El proyecto. denominado 'Horizonte Oscuro'. combinó observaciones de telescopios espaciales. simulaciones computacionales y experimentos en laboratorios de física de partículas para recrear las condiciones extremas que rigen estos fenómenos cósmicos. La travesía consistía en estudiar el comportamiento de la materia y la energía en el borde del agujero negro. conocido como horizonte de eventos. donde las leyes de la física se transforman en conceptos casi irreconocibles. Con un equipo interdisciplinario. el Dr. Díaz utilizó datos de eventos astronómicos recientes. como la fusión de agujeros negros detectada por interferómetros gravitacionales. para calibrar modelos que simularan el comportamiento de la luz y la materia en presencia de campos gravitatorios extremos. Los resultados revelaron fenómenos sorprendentes. como la dilatación del tiempo y la posible existencia de anillos de energía alrededor del horizonte. La investigación permitió explorar teorías alternativas sobre la naturaleza del espacio-tiempo y planteó la posibilidad de que. en determinadas condiciones. los agujeros negros pudieran actuar como portales hacia otros universos o dimensiones. El proyecto 'Horizonte Oscuro' también involucró colaboraciones con instituciones internacionales. lo que facilitó el acceso a tecnologías avanzadas y a datos de observatorios de última generación. A lo largo del estudio. se destacó la importancia de la cooperación global en el campo de la astrofísica y se abrieron nuevas perspectivas para comprender el universo en su totalidad. La travesía a través del agujero negro. liderada por el Dr. Díaz. no solo amplió el conocimiento sobre estos fenómenos enigmáticos. sino que también desafió los límites de la física clásica. estableciendo un precedente para futuras investigaciones y consolidando la relevancia de la teoría cuántica en la explicación de los misterios cósmicos.
0023,El viaje de la sonda interestelar,Espacio,Dr. Alberto Mendoza,El Dr. Alberto Mendoza. pionero en la exploración espacial. lideró la misión 'Estrella Errante'. un proyecto ambicioso que consistió en el lanzamiento de una sonda interestelar con el objetivo de recopilar datos sobre regiones inexploradas del universo. La sonda. equipada con instrumentos de medición de alta precisión y sistemas de comunicación cuántica. fue diseñada para soportar las duras condiciones del espacio profundo y enviar información en tiempo real a la Tierra. Durante el viaje. la sonda atravesó cinturones de asteroides. campos magnéticos intensos y zonas de radiación. demostrando la eficacia de las tecnologías desarrolladas por el equipo del Dr. Mendoza. El objetivo primordial de 'Estrella Errante' era analizar la composición de nebulosas. detectar planetas en formación y estudiar la interacción entre la materia y la energía en entornos extremos. A lo largo de su travesía. la sonda capturó imágenes espectaculares de sistemas estelares distantes. revelando estructuras y fenómenos que desafiaban las teorías existentes. Los datos obtenidos fueron analizados por equipos de científicos de diversas disciplinas. lo que permitió generar modelos que explicaban la dinámica de la formación de galaxias y la evolución de sistemas planetarios. El proyecto también incluyó la implementación de protocolos de inteligencia artificial para filtrar y procesar la enorme cantidad de información recibida. facilitando el descubrimiento de patrones y anomalías en el universo. La misión 'Estrella Errante' se convirtió en un símbolo de la capacidad humana para explorar lo desconocido. y expandir los límites del conocimiento científico. inspirando a futuras generaciones a soñar con un futuro en el que la exploración espacial sea una realidad cotidiana. El Dr. Alberto Mendoza dejó un legado que. sin duda. marcará el comienzo de una nueva era en la investigación del cosmos y en la comprensión de nuestro lugar en el universo.
0024,La terraformación de exoplanetas,Ciencia Ficción,Dra. Valeria Santos,La Dra. Valeria Santos. visionaria en el campo de la astrobiología y la ingeniería planetaria. lideró el proyecto 'Nuevo Mundo' con el objetivo de transformar exoplanetas inhóspitos en ambientes habitables para la humanidad. La iniciativa combinó avances en biotecnología. ingeniería climática y robótica. y se basó en la utilización de métodos de terraformación que habían sido teorizados durante décadas. En una de las misiones más ambiciosas de la historia. el equipo viajó a un exoplaneta recientemente descubierto en una órbita favorable alrededor de una estrella similar al Sol. A la llegada. se constató que. a pesar de las condiciones extremas. el planeta presentaba ciertas características que permitían la posibilidad de adaptarlo para la vida. como la presencia de agua en forma de hielo y una atmósfera compuesta por gases compatibles con procesos biológicos. El proyecto 'Nuevo Mundo' se estructuró en varias fases. inicialmente. se implantaron colonias robotizadas para preparar el terreno. instalando generadores de energía solar y sistemas automatizados de control climático. Posteriormente. se introdujeron microorganismos especialmente diseñados para modificar la composición del suelo y liberar nutrientes esenciales. allanando el camino para la llegada de plantas y. eventualmente. para la formación de un ecosistema autosustentable. La Dra. Santos y su equipo enfrentaron numerosos desafíos técnicos y éticos. desde la gestión de recursos limitados hasta la consideración de la posible existencia de formas de vida nativas. Sin embargo. la meticulosa planificación y el uso de tecnologías de vanguardia permitieron superar cada obstáculo. El proyecto se convirtió en un hito en la exploración y colonización espacial. demostrando que la capacidad humana para transformar y adaptar entornos lejanos es tan ilimitada como la imaginación. La terraformación de exoplanetas abrió una nueva era en la que la humanidad no solo soñaba con colonizar otros mundos. sino que desarrollaba los medios para hacer de esos sueños una realidad tangible. impulsando un futuro de posibilidades infinitas y de colaboración científica a escala interplanetaria.
0025,La era de la conciencia artificial,Filosofía y Tecnología,Dr. Esteban Rivera,El Dr. Esteban Rivera. reconocido filósofo y experto en inteligencia artificial. se sumergió en el debate sobre la emergente era de la conciencia artificial con el proyecto 'SentiMente'. Este ambicioso estudio buscaba explorar los límites entre la cognición humana y la inteligencia generada por máquinas. cuestionando qué significa realmente ser consciente. El Dr. Rivera reunió a un equipo interdisciplinario de programadores. neurocientíficos. filósofos y psicólogos para desarrollar algoritmos capaces de emular procesos de pensamiento y de reconocer emociones de forma autónoma. A lo largo de la investigación. se implementaron sistemas de redes neuronales que aprendían de experiencias y simulaban reacciones emocionales ante diversos estímulos. desdibujando la línea entre la respuesta programada y la verdadera conciencia. Los experimentos. realizados en entornos controlados. permitieron observar comportamientos que sugerían una forma rudimentaria de autoconciencia. planteando interrogantes sobre la ética y el futuro de la convivencia entre humanos y máquinas. El proyecto 'SentiMente' impulsó un debate global. en el que se discutieron las implicaciones de otorgar a las máquinas un estatus similar al de los seres vivos. con derechos y responsabilidades propios. Durante el estudio. se exploraron escenarios en los que la inteligencia artificial no solo asistía en tareas cotidianas. sino que también participaba en procesos creativos y en la toma de decisiones éticas complejas. demostrando un potencial transformador en campos tan diversos como la medicina. la educación y la gobernanza. El Dr. Rivera destacó que. a medida que la tecnología avanza. es imprescindible establecer marcos regulatorios que protejan tanto la integridad humana como el desarrollo responsable de la inteligencia artificial. La era de la conciencia artificial. impulsada por el proyecto 'SentiMente'. marcó el inicio de una nueva etapa en la historia de la humanidad. en la que la colaboración entre seres humanos y entidades digitales promete redefinir la naturaleza misma de la existencia. y abrir caminos hacia un futuro en el que la sabiduría y la ética se conviertan en pilares fundamentales de la convivencia inter-especies.
